{
    "name": "SampleWorkloadItem",
    "displayName": "Item_1_DisplayName",
    "displayNamePlural": "Item_1_DisplayName_Plural",
    "editor": {
      "path": "/sample-workload-editor"
    },
    "icon": {
      "name": "assets/images/execute.png"
    },
    "activeIcon": {
      "name": "assets/images/execute.png"
    },
    "contextMenuItems": [
      {
        "name": "schedule"
      },
      {
        "name": "recentruns"
      },
      {
        "name": "SampleItemCustomAction",
        "displayName": "Context_Menu_1_Display_Name",
        "icon": {
          "name": "assets/images/execute.png"
        },
        "handler": {
          "action": "run.calculate.job"
        },
        "tooltip": "Context_Menu_1_Tooltip"
      }
    ],
    "quickActionItems": [
      {
        "name": "SampleItemCustomAction",
        "displayName": "Quick_Action_1_Display_Name",
        "icon": {
          "name": "assets/images/execute.png"
        },
        "handler": {
          "action": "run.calculate.job"
        },
        "tooltip": "Quick_Action_1_Tooltip"
      }
    ],
    "supportedInMonitoringHub": true,
    "supportedInDatahubL1": true,
    "itemJobActionConfig": {
      "registeredActions": {
        "detail": {
          "action": "item.job.detail"
        },
        "cancel": {
          "action": "item.job.cancel"
        },
        "retry": {
          "action": "item.job.retry"
        }
      }
    },
    "itemSettings": {
      "schedule": {
        "itemJobType": "ScheduledJob",
        "refreshType": "Refresh"
      },
      "getItemSettings": {
            "action": "getItemSettings"
        },
      "recentRun": {
        "useRecentRunsComponent": true
      }
    },
    "itemJobTypes": ["getData", "storeData"],
    "editorTab": {
      "maxInstanceCount": "10",
      "onInit": "sample.tab.onInit",
      "onDeactivate": "sample.tab.onDeactivate",
      "canDeactivate": "sample.tab.canDeactivate",
      "canDestroy": "sample.tab.canDestroy",
      "onDestroy": "sample.tab.onDestroy",
      "onDelete": "sample.tab.onDelete"
    }
  }
