{
	"artifacts": [],
	"extension": {"url":"appUrl"},
	"product":   {
    "name": "idan",
    "displayName": "Idans data Analysis",
    "favicon": "Trident_API_Playground_Favicon.ico",
    "icon": {
      "sprite": "product-color-icons",
      "name": "analyze"
    },
    "homePage": {
      "learningMaterials": [
        {
          "title": "LearningMaterial_example1",
          "description": "LearningMaterial_example1_description",
          "onClick": {
            "extensionName": "react-example",
            "action": "open.learningMaterial.dialog1"
          },
          "visibilityChecker": "TestArtifact",
          "image": {
            "extensionName": "react-example",
            "path": "/assets/example-learning-material.jpeg"
          }
        },
        {
          "title": "LearningMaterial_example2",
          "description": "LearningMaterial_example2_description",
          "image": "https://th.bing.com/th/id/OIP.PBCsrpFNi1lnTiEvTbrmggHaEj?pid=ImgDet&rs=1",
          "onClick": {
            "extensionName": "react-example",
            "action": "open.learningMaterial.dialog2"
          },
          "visibilityChecker": {
            "action": "check.learningMaterial.dialog2.visibility",
            "extensionName": "react-example"
          }
        },
        {
          "title": "LearningMaterial_example3",
          "description": "LearningMaterial_example3_description",
          "link": "https://powerbi.visualstudio.com/Trident/_wiki/wikis/Trident.wiki/16197/Onboarding-to-Workload-Homepage-Template",
          "image": {
            "extensionName": "react-example",
            "path": "/assets/example-learning-material.jpeg"
          }
        }
      ],
      "recommendedArtifactTypes": [
        "HomeOne"
      ]
    },
    "createExperience": {
      "description": "CreateHub_Product_Description",
      "cards": [
        {
          "title": "Sentiment Analysis",
          "description": "Enrich your data by adding sentiment Analysis",
          "icon": {
            "name": "pipeline_24_regular"
          },
          "icon_small": {
            "name": "pipeline_20_regular"
          },
          "onClick": {
            "extensionName": "my-extension",
            "action": "open.createSentimentAnalysis"
          },
          "availableIn": [
            "home",
            "create-hub",
            "workspace-plus-new"
          ],
          "visibilityChecker": "HomeOne"
        },
        {
          "title": "Translator",
          "description": "localize your data",
          "icon": {
            "sprite": "artifact-icons",
            "name": "lakehouse_24"
          },
          "icon_small": {
            "sprite": "artifact-icons",
            "name": "lakehouse_20"
          },
          "onClick": {
            "extensionName": "my-extension",
            "action": "open.createTranslater"
          },
          "availableIn": [
            "home",
            "create-hub",
            "workspace-plus-new"
          ],
          "visibilityChecker": "HomeOne"
        }
      ]
    },
    "workspaceSettings": {
      "getWorkspaceSettings": {
        "extensionName": "react-example",
        "action": "getWorkspaceSettings"
      }
    },
    "helpPanel": {
      "productCards": [
        {
          "title": "Extension API playground get started",
          "description": "Extension API playground documentation provides expert information and answers to get you started.",
          "link": "https://powerbi.visualstudio.com/Trident/_wiki/wikis/Trident.wiki/16197/Onboarding-to-Workload-Homepage-Template",
          "defaultCollapsed": false
        }
      ],
      "productPageFeatureCards": [
        {
          "pageName": "/home",
          "cards": [
            {
              "title": "Page Card",
              "description": "This is a Product Page Card of /home.",
              "link": "https://powerbi.visualstudio.com/Trident/_wiki/wikis/Trident.wiki/16197/Onboarding-to-Workload-Homepage-Template",
              "defaultCollapsed": false
            }
          ]
        },
        {
          "pageName": "/datahub",
          "cards": [
            {
              "title": "Page Card",
              "description": "This is a Product Page Card of /datahub.",
              "link": "https://powerbi.visualstudio.com/Trident/_wiki/wikis/Trident.wiki/16197/Onboarding-to-Workload-Homepage-Template",
              "defaultCollapsed": false
            }
          ]
        }
      ]
    }
  }
}